{
  "Yosuke Takada": 0.010638297872340425,
  "Ayako Shimizu": 0.026595744680851064,
  "Katrina Simons": 0.015957446808510637,
  "Anycie Coorey": 0.010638297872340425,
  "Yingge Qu": 0.010638297872340425,
  "James Holth": 0.015957446808510637,
  "Annisa R. Rizal": 0.010638297872340425,
  "Serjoscha Duering": 0.02127659574468085,
  "Cameron Wells": 0.015957446808510637,
  "Ben Doherty": 0.0797872340425532,
  "Nagahama R.": 0.010638297872340425,
  "K. Daniel Yu": 0.015957446808510637,
  "Sophie Scott": 0.02127659574468085,
  "Peter Christensen": 0.005319148936170213,
  "Narissa Bungbrakearti": 0.031914893617021274,
  "David Silcock": 0.015957446808510637,
  "Takayuki Kawaguchi": 0.02127659574468085,
  "Evelyn L. C. Howe": 0.005319148936170213,
  "Weidong Li": 0.015957446808510637,
  "Shuva Chowdhury": 0.005319148936170213,
  "Yingyi Zhang": 0.005319148936170213,
  "Alan Kim": 0.015957446808510637,
  "Yixi Xia": 0.010638297872340425,
  "Matthias Irger": 0.015957446808510637,
  "Kensuke Kitagawa": 0.010638297872340425,
  "Ali Motamedi": 0.0425531914893617,
  "Michael Chernyavsky": 0.026595744680851064,
  "Steve Kuan": 0.015957446808510637,
  "Alessandra Fabbri": 0.1595744680851064,
  "Yu-Tung Liu": 0.031914893617021274,
  "Keisuke Mori": 0.010638297872340425,
  "Ryo Onishi": 0.010638297872340425,
  "Sascha Bohnenberger": 0.015957446808510637,
  "Lucas Kim": 0.031914893617021274,
  "Tsuyoshi Sasada": 0.06914893617021277,
  "Hitoshi Takeuchi": 0.005319148936170213,
  "Nariddh Khean": 0.06382978723404255,
  "Rob Asher": 0.0425531914893617,
  "Tian Zhang": 0.026595744680851064,
  "Aron Sheldon": 0.031914893617021274,
  "Wookhyun Yeo": 0.0425531914893617,
  "Kazuya Inoue": 0.015957446808510637,
  "Ryan Johan": 0.026595744680851064,
  "Matthew Swarts": 0.07446808510638298,
  "Hiroyuki Fukumoto": 0.026595744680851064,
  "Jeffrey Koh": 0.010638297872340425,
  "Thomas Kvan": 0.026595744680851064,
  "Jeremy J. Ham": 0.005319148936170213,
  "Yeo Wookhyun": 0.026595744680851064,
  "Cristina Ramos": 0.031914893617021274,
  "Weihong Guo": 0.015957446808510637,
  "Madison King": 0.015957446808510637,
  "Amar Bennadji": 0.07446808510638298,
  "Ning Wang": 0.015957446808510637,
  "Marcos Novak": 0.07446808510638298,
  "Alexander Lee": 0.010638297872340425,
  "Shan Pan": 0.02127659574468085,
  "Lachlan Sharah": 0.02127659574468085,
  "Marc Aurel Schnabel": 0.30851063829787234,
  "Romain Guillot": 0.02127659574468085,
  "Emily Leung": 0.031914893617021274,
  "Jorge Martinez": 0.031914893617021274,
  "Garry Hangge Zhang": 0.02127659574468085,
  "Sooyeon Oh": 0.03723404255319149,
  "Kazuki Yokoi": 0.015957446808510637,
  "Tom Barker": 0.015957446808510637,
  "Bin Li": 0.015957446808510637,
  "Yasuyo Yoshikawa": 0.015957446808510637,
  "Rui Cao": 0.015957446808510637,
  "Madeleine Johanson": 0.02127659574468085,
  "Qun Dai": 0.005319148936170213,
  "Tane Jacob Moleta": 0.10638297872340426,
  "Kenichi Sakai": 0.026595744680851064,
  "Liam Jordan Sheehan": 0.015957446808510637,
  "Atsumi Maruhashi": 0.02127659574468085,
  "Hannah Rushton": 0.005319148936170213,
  "Dongsoo Choi": 0.07446808510638298,
  "Yannis Zavoleas": 0.0797872340425532,
  "Atsuko Kaga": 0.09574468085106383,
  "Nazmul Khan": 0.02127659574468085,
  "Jessie Rogers": 0.015957446808510637,
  "Ryuichiro Nagahama": 0.031914893617021274,
  "Haruyuki Kusama": 0.015957446808510637,
  "Yi He": 0.015957446808510637,
  "Yuehan Zhu": 0.010638297872340425,
  "Tomohiro Fukuda": 0.4095744680851064,
  "Daniel Camacho": 0.026595744680851064,
  "Takanori Terashima": 0.010638297872340425,
  "James Durcan": 0.010638297872340425,
  "Danny D. Nguyen": 0.010638297872340425,
  "David Batchelor": 0.005319148936170213,
  "Sam Mclennan": 0.015957446808510637,
  "Rebekah Araullo": 0.005319148936170213,
  "Kostas ?Terzidis": 0.07446808510638298,
  "Thomas Tucker": 0.07446808510638298,
  "Blaire Haslop": 0.010638297872340425,
  "Nobuaki Okamoto": 0.015957446808510637,
  "Samad Sepasgozar": 0.02127659574468085,
  "Tracy Huang": 0.026595744680851064,
  "Xiangyu Wang": 0.015957446808510637,
  "Nobuyuki Shibano": 0.026595744680851064,
  "Yasuyuki Yuda": 0.026595744680851064,
  "Alex Tohidi": 0.015957446808510637,
  "Atsushi Miyagawa": 0.02127659574468085,
  "Daniel Joseph": 0.015957446808510637,
  "Paolo Fiamma": 0.07446808510638298,
  "Davide Pierini": 0.02127659574468085,
  "Munetoshi Miyake": 0.015957446808510637,
  "Yuda Yasuyuki": 0.02127659574468085,
  "David Madden": 0.031914893617021274,
  "Serdar Aydin": 0.031914893617021274,
  "Mitra Homolja": 0.010638297872340425,
  "Sun Lei": 0.010638297872340425,
  "Takashi Michikawa": 0.031914893617021274,
  "Michael White": 0.010638297872340425,
  "Hiroki Michida": 0.026595744680851064,
  "Duong Nguyen": 0.010638297872340425,
  "Jorke Odolphi": 0.03723404255319149,
  "Reinhard Koenig": 0.02127659574468085,
  "Jae Wan Park": 0.015957446808510637,
  "Rong Chen": 0.015957446808510637,
  "Shiho Nagamachi": 0.026595744680851064,
  "Margaret Goldsack": 0.010638297872340425,
  "Ruth ?Ron": 0.07446808510638298,
  "Daiki Kido": 0.010638297872340425,
  "Motoi Toshio": 0.015957446808510637,
  "Iman Sayah": 0.005319148936170213,
  "Nobuyoshi Yabuki": 0.14361702127659573,
  "Hoki Nakamura": 0.026595744680851064,
  "Takashi Koshiba": 0.026595744680851064,
  "Daniel Yu": 0.047872340425531915,
  "Naoki Kikuchi": 0.010638297872340425,
  "Mercedes Paulini": 0.005319148936170213,
  "Stephen Green": 0.026595744680851064,
  "Brandon Wang": 0.010638297872340425,
  "Nicole Gardner": 0.18617021276595744,
  "Scott Meekings": 0.015957446808510637,
  "Hao Chen": 0.010638297872340425,
  "Yuji Yamauchi": 0.026595744680851064,
  "Sayyed Amir Hossain Maghool": 0.010638297872340425,
  "Geoff King": 0.026595744680851064,
  "Taro Narahara": 0.07446808510638298,
  "Eliot Rosenberg": 0.010638297872340425,
  "Rebeka Vital": 0.07446808510638298,
  "Toshiki Tokuhara": 0.015957446808510637,
  "Jack Barton": 0.026595744680851064,
  "Derek Kawiti": 0.010638297872340425,
  "Lei Sun": 0.03723404255319149,
  "Yoshihiro Nishimura": 0.02127659574468085,
  "Shunta Shimizu": 0.026595744680851064,
  "Ben Coorey": 0.010638297872340425,
  "Kazunosuke Ikeno": 0.031914893617021274,
  "Christophe Soulier": 0.010638297872340425,
  "Tom獺s Dorta": 0.02127659574468085,
  "Qiaoliang Xu": 0.02127659574468085,
  "Yusuke Sato": 0.02127659574468085,
  "Charlotte Firth": 0.015957446808510637,
  "Erik Escalante": 0.02127659574468085,
  "Leo Lin Meng": 0.026595744680851064,
  "Yoshihiro Kobayashi": 0.07446808510638298,
  "Jennifer Mei Yee Ng": 0.031914893617021274,
  "Tiara Dobbs": 0.03723404255319149,
  "Masahiro Hosokawa": 0.02127659574468085,
  "Nao Ito": 0.026595744680851064,
  "Kyoko Miyashita": 0.015957446808510637,
  "Maria Rogers": 0.02127659574468085,
  "Irene Rui Chen": 0.005319148936170213,
  "Jane Burry": 0.015957446808510637,
  "Tian Tian Lo": 0.09574468085106383,
  "Martin Tomitsch": 0.015957446808510637,
  "Masaharu Taguchi": 0.026595744680851064,
  "Andrew Butler": 0.06382978723404255,
  "Hartmut Seichter": 0.015957446808510637,
  "Dominic Hawton": 0.031914893617021274,
  "Jeremy Graham": 0.010638297872340425,
  "Yu Shimojo": 0.026595744680851064,
  "Yoann Pencreach": 0.07446808510638298,
  "Manuel Muehlbauer": 0.015957446808510637,
  "Yasuko Matsunaga": 0.015957446808510637,
  "Suleiman Alhadidi": 0.010638297872340425,
  "Masahiro Kawaguchi": 0.02127659574468085,
  "Angelos Chronis": 0.02127659574468085,
  "Matthias Hank Haeusler": 0.35106382978723405,
  "Yakui Ding": 0.02127659574468085,
  "Kate Dunn": 0.03723404255319149,
  "Ben Cooper-Wooley": 0.03723404255319149,
  "Liang Yan": 0.010638297872340425,
  "Cyrus Qureshi": 0.010638297872340425,
  "Andre Brown": 0.0425531914893617
}